{"tissue_hires_scalef": 0.1396258, "tissue_lowres_scalef": 0.04188774, "fiducial_diameter_fullres": 163.41010797686874, "spot_diameter_fullres": 101.15863827139493}